{"cameraMode":{"drawMode":0,"name":"Shaded","section":"Shading Mode"},"sceneLighting":true,"audioPlay":false,"sceneViewState":{"showFog":true,"showMaterialUpdate":false,"showSkybox":true,"showFlares":true,"showImageEffects":true,"showParticleSystems":true},"in2DMode":false,"pivot":{"x":-5.6449127197265629,"y":-1.8579967021942139,"z":-3.002589702606201},"rotation":{"x":-0.09673600643873215,"y":0.8465547561645508,"z":-0.16483719646930695,"w":-0.49680545926094057},"size":10.903656959533692,"orthographic":false}