{"cameraMode":{"drawMode":0,"name":"Shaded","section":"Shading Mode"},"sceneLighting":true,"audioPlay":false,"sceneViewState":{"showFog":true,"showMaterialUpdate":false,"showSkybox":true,"showFlares":true,"showImageEffects":true,"showParticleSystems":true},"in2DMode":false,"pivot":{"x":-0.9766340255737305,"y":-0.09378910064697266,"z":-0.24167591333389283},"rotation":{"x":-0.1421484649181366,"y":0.7242312431335449,"z":-0.15687191486358643,"w":-0.6562573909759522},"size":7.992589473724365,"orthographic":false}